Route_name,Route_link
Hyderabad to Vijayawada,https://www.redbus.in/bus-tickets/hyderabad-to-vijayawada
Vijayawada to Hyderabad,https://www.redbus.in/bus-tickets/vijayawada-to-hyderabad
Hyderabad to Ongole,https://www.redbus.in/bus-tickets/hyderabad-to-ongole
Kakinada to Visakhapatnam,https://www.redbus.in/bus-tickets/kakinada-to-visakhapatnam
Bangalore to Tirupati,https://www.redbus.in/bus-tickets/bangalore-to-tirupathi
Bangalore to Kadapa,https://www.redbus.in/bus-tickets/bangalore-to-kadapa
Ongole to Hyderabad,https://www.redbus.in/bus-tickets/ongole-to-hyderabad
Kadapa to Bangalore,https://www.redbus.in/bus-tickets/kadapa-to-bangalore
Chittoor (Andhra Pradesh) to Bangalore,https://www.redbus.in/bus-tickets/chittoor-andhra-pradesh-to-bangalore
Visakhapatnam to Kakinada,https://www.redbus.in/bus-tickets/visakhapatnam-to-kakinada
Bangalore to Anantapur (andhra pradesh),https://www.redbus.in/bus-tickets/bangalore-to-ananthapur
Bangalore to Chittoor (Andhra Pradesh),https://www.redbus.in/bus-tickets/bangalore-to-chittoor-andhra-pradesh
Anantapur (andhra pradesh) to Bangalore,https://www.redbus.in/bus-tickets/ananthapur-to-bangalore
Hyderabad to Kurnool,https://www.redbus.in/bus-tickets/hyderabad-to-kurnool
Tirupati to Bangalore,https://www.redbus.in/bus-tickets/tirupathi-to-bangalore
Narasaraopet to Hyderabad,https://www.redbus.in/bus-tickets/narsaraopet-to-hyderabad
Vinukonda to Hyderabad,https://www.redbus.in/bus-tickets/vinukonda-to-hyderabad
Hyderabad to Vinukonda,https://www.redbus.in/bus-tickets/hyderabad-to-vinukonda
Visakhapatnam to Vijayawada,https://www.redbus.in/bus-tickets/visakhapatnam-to-vijayawada
Bangalore to Rayachoti,https://www.redbus.in/bus-tickets/bangalore-to-rayachoti
Hyderabad to Guntur (Andhra Pradesh),https://www.redbus.in/bus-tickets/hyderabad-to-guntur
Guntur (Andhra Pradesh) to Hyderabad,https://www.redbus.in/bus-tickets/guntur-to-hyderabad
Hyderabad to Eluru,https://www.redbus.in/bus-tickets/hyderabad-to-eluru
Eluru to Hyderabad,https://www.redbus.in/bus-tickets/eluru-to-hyderabad
Bangalore to Kadiri,https://www.redbus.in/bus-tickets/bangalore-to-kadiri
Madanapalli to Bangalore,https://www.redbus.in/bus-tickets/madanapalli-to-bangalore
Bangalore to Madanapalli,https://www.redbus.in/bus-tickets/bangalore-to-madanapalli
Macherla (andhra pradesh) to Hyderabad,https://www.redbus.in/bus-tickets/macherla-to-hyderabad
Rajahmundry to Visakhapatnam,https://www.redbus.in/bus-tickets/rajahmundry-to-visakhapatnam
Nandyal to Hyderabad,https://www.redbus.in/bus-tickets/nandyala-to-hyderabad
Rayachoti to Bangalore,https://www.redbus.in/bus-tickets/rayachoti-to-bangalore
Kurnool to Hyderabad,https://www.redbus.in/bus-tickets/kurnool-to-hyderabad
Kadiri to Bangalore,https://www.redbus.in/bus-tickets/kadiri-to-bangalore
Visakhapatnam to Rajahmundry,https://www.redbus.in/bus-tickets/visakhapatnam-to-rajahmundry
Hyderabad to Addanki,https://www.redbus.in/bus-tickets/hyderabad-to-addanki
Hyderabad to Anantapur (andhra pradesh),https://www.redbus.in/bus-tickets/hyderabad-to-ananthapur
Hyderabad to Markapuram,https://www.redbus.in/bus-tickets/hyderabad-to-markapuram
Rajahmundry to Vijayawada,https://www.redbus.in/bus-tickets/rajahmundry-to-vijayawada
Tirupati to Chennai,https://www.redbus.in/bus-tickets/tirupathi-to-chennai
Vijayawada to Visakhapatnam,https://www.redbus.in/bus-tickets/vijayawada-to-visakhapatnam
Hyderabad to Macherla (andhra pradesh),https://www.redbus.in/bus-tickets/hyderabad-to-macherla
Hyderabad to Rajahmundry,https://www.redbus.in/bus-tickets/hyderabad-to-rajahmundry
Chilakaluripet to Hyderabad,https://www.redbus.in/bus-tickets/chilakaluripet-to-hyderabad
Rajahmundry to Hyderabad,https://www.redbus.in/bus-tickets/rajahmundry-to-hyderabad
Kurnool to Bangalore,https://www.redbus.in/bus-tickets/kurnool-to-bangalore
Hyderabad to Nandyal,https://www.redbus.in/bus-tickets/hyderabad-to-nandyala
Hyderabad to Vijayawada,https://www.redbus.in/bus-tickets/hyderabad-to-vijayawada
Khammam to Hyderabad,https://www.redbus.in/bus-tickets/khammam-to-hyderabad
Hyderabad to Khammam,https://www.redbus.in/bus-tickets/hyderabad-to-khammam
Hyderabad to Srisailam,https://www.redbus.in/bus-tickets/hyderabad-to-srisailam
Karimnagar to Hyderabad,https://www.redbus.in/bus-tickets/karimnagar-to-hyderabad
Hyderabad to Karimnagar,https://www.redbus.in/bus-tickets/hyderabad-to-karimnagar
Hyderabad to Mancherial,https://www.redbus.in/bus-tickets/hyderabad-to-mancherial
Hyderabad to Nirmal,https://www.redbus.in/bus-tickets/hyderabad-to-nirmal
Hyderabad to Adilabad,https://www.redbus.in/bus-tickets/hyderabad-to-adilabad
Hyderabad to Ongole,https://www.redbus.in/bus-tickets/hyderabad-to-ongole
Kothagudem to Hyderabad,https://www.redbus.in/bus-tickets/kothagudem-to-hyderabad
Guntur (Andhra Pradesh) to Hyderabad,https://www.redbus.in/bus-tickets/guntur-to-hyderabad
Hyderabad to Guntur (Andhra Pradesh),https://www.redbus.in/bus-tickets/hyderabad-to-guntur
Godavarikhani to Hyderabad,https://www.redbus.in/bus-tickets/godavarikhani-to-hyderabad
Hyderabad to Kothagudem,https://www.redbus.in/bus-tickets/hyderabad-to-kothagudem
Hyderabad to Sathupally,https://www.redbus.in/bus-tickets/hyderabad-to-sathupalli
Hyderabad to Warangal,https://www.redbus.in/bus-tickets/hyderabad-to-warangal
Kodad to Hyderabad,https://www.redbus.in/bus-tickets/kodad-to-hyderabad
Jagityal to Hyderabad,https://www.redbus.in/bus-tickets/jagityal-to-hyderabad
Hyderabad to Bhadrachalam,https://www.redbus.in/bus-tickets/hyderabad-to-bhadrachalam
Hyderabad to Tirupati,https://www.redbus.in/bus-tickets/hyderabad-to-tirupathi
Hyderabad to Godavarikhani,https://www.redbus.in/bus-tickets/hyderabad-to-godavarikhani
Hyderabad to Armoor,https://www.redbus.in/bus-tickets/hyderabad-to-armoor
Hyderabad to Nandyal,https://www.redbus.in/bus-tickets/hyderabad-to-nandyala
Hyderabad to Kodad,https://www.redbus.in/bus-tickets/hyderabad-to-kodad
Hyderabad to Addanki,https://www.redbus.in/bus-tickets/hyderabad-to-addanki
Bangalore to Kozhikode,https://www.redbus.in/bus-tickets/bangalore-to-kozhikode
Kozhikode to Bangalore,https://www.redbus.in/bus-tickets/kozhikode-to-bangalore
Kozhikode to Ernakulam,https://www.redbus.in/bus-tickets/kozhikode-to-ernakulam
Ernakulam to Kozhikode,https://www.redbus.in/bus-tickets/ernakulam-to-kozhikode
Bangalore to Kannur,https://www.redbus.in/bus-tickets/bangalore-to-kannur
Kozhikode to Mysore,https://www.redbus.in/bus-tickets/kozhikode-to-mysore
Kannur to Bangalore,https://www.redbus.in/bus-tickets/kannur-to-bangalore
Kozhikode to Thiruvananthapuram,https://www.redbus.in/bus-tickets/kozhikode-to-thiruvananthapuram
Mysore to Kozhikode,https://www.redbus.in/bus-tickets/mysore-to-kozhikode
Bangalore to Kalpetta (kerala),https://www.redbus.in/bus-tickets/bangalore-to-kalpetta
Kalpetta (kerala) to Bangalore,https://www.redbus.in/bus-tickets/kalpetta-to-bangalore
Thiruvananthapuram to Kozhikode,https://www.redbus.in/bus-tickets/thiruvananthapuram-to-kozhikode
Kozhikode to Thrissur,https://www.redbus.in/bus-tickets/kozhikode-to-thrissur
Kozhikode to Kottayam,https://www.redbus.in/bus-tickets/kozhikode-to-kottayam
Kottayam to Kozhikode,https://www.redbus.in/bus-tickets/kottayam-to-kozhikode
Durgapur to Calcutta,https://www.redbus.in/bus-tickets/durgapur-to-kolkata
Kolkata to Burdwan,https://www.redbus.in/bus-tickets/kolkata-to-burdwan
Haldia to Calcutta,https://www.redbus.in/bus-tickets/haldia-to-kolkata
Kolkata to Haldia,https://www.redbus.in/bus-tickets/kolkata-to-haldia
Kolkata to Durgapur (West Bengal),https://www.redbus.in/bus-tickets/kolkata-to-durgapur
Kolkata to Arambagh (West Bengal),https://www.redbus.in/bus-tickets/kolkata-to-arambagh-west-bengal
Midnapore to Kolkata,https://www.redbus.in/bus-tickets/midnapore-to-kolkata
Kolkata to Digha,https://www.redbus.in/bus-tickets/kolkata-to-digha
Digha to Calcutta,https://www.redbus.in/bus-tickets/digha-to-kolkata
Kolkata to Bankura,https://www.redbus.in/bus-tickets/kolkata-to-bankura
Kolkata to Midnapore,https://www.redbus.in/bus-tickets/kolkata-to-midnapore
Kolkata to Asansol (West Bengal),https://www.redbus.in/bus-tickets/kolkata-to-asansol
Kolkata to Nimtouri,https://www.redbus.in/bus-tickets/kolkata-to-nimtouri
Jhargram to Kolkata,https://www.redbus.in/bus-tickets/jhargram-to-kolkata
Kolkata to Contai (Kanthi),https://www.redbus.in/bus-tickets/kolkata-to-contai-kanthi
Kolkata to Kolaghat,https://www.redbus.in/bus-tickets/kolkata-to-kolaghat
Kolkata to Nandakumar (west bengal),https://www.redbus.in/bus-tickets/kolkata-to-nandakumar
Kolkata to Mecheda (West Bengal),https://www.redbus.in/bus-tickets/kolkata-to-mecheda-west-bengal
Digha to Durgapur (West Bengal),https://www.redbus.in/bus-tickets/digha-to-durgapur
Midnapore to Barasat (West Bengal),https://www.redbus.in/bus-tickets/midnapore-to-barasat-west-bengal
Durgapur (West Bengal) to Digha,https://www.redbus.in/bus-tickets/durgapur-to-digha
Kolkata to Chandipur (West Bengal),https://www.redbus.in/bus-tickets/kolkata-to-chandipur-west-bengal
Barasat (West Bengal) to Midnapore,https://www.redbus.in/bus-tickets/barasat-west-bengal-to-midnapore
Kolkata to Debra,https://www.redbus.in/bus-tickets/kolkata-to-debra
Kirnahar (West Bengal) to Kolkata,https://www.redbus.in/bus-tickets/kirnahar-west-bengal-to-kolkata
Kolkata to Panskura,https://www.redbus.in/bus-tickets/kolkata-to-panskura
Kolkata to Heria,https://www.redbus.in/bus-tickets/kolkata-to-heria
Digha to Barasat (West Bengal),https://www.redbus.in/bus-tickets/digha-to-barasat-west-bengal
Illambazar to Kolkata,https://www.redbus.in/bus-tickets/illambazar-to-kolkata
Kolkata to Suri,https://www.redbus.in/bus-tickets/kolkata-to-suri
Berhampore (West Bengal) to Durgapur (West Bengal),https://www.redbus.in/bus-tickets/berhampore-to-durgapur
Purulia to Durgapur (West Bengal),https://www.redbus.in/bus-tickets/purulia-to-durgapur
Durgapur (West Bengal) to Berhampore (West Bengal),https://www.redbus.in/bus-tickets/durgapur-to-berhampore
Kolkata to Futishanko,https://www.redbus.in/bus-tickets/kolkata-to-futishanko
Kolkata to Kirnahar (West Bengal),https://www.redbus.in/bus-tickets/kolkata-to-kirnahar-west-bengal
Durgapur (West Bengal) to Barasat (West Bengal),https://www.redbus.in/bus-tickets/durgapur-to-barasat-west-bengal
Kolkata to Ramnagar (West Bengal),https://www.redbus.in/bus-tickets/kolkata-to-ramnagar-west-bengal
Durgapur (West Bengal) to Purulia,https://www.redbus.in/bus-tickets/durgapur-to-purulia
Durgapur (West Bengal) to Bankura,https://www.redbus.in/bus-tickets/durgapur-to-bankura
Kolkata to Ashari,https://www.redbus.in/bus-tickets/kolkata-to-ashari
Barasat (West Bengal) to Digha,https://www.redbus.in/bus-tickets/barasat-west-bengal-to-digha
Digha to Kolkata,https://www.redbus.in/bus-tickets/digha-to-kolkata
Kolkata to Digha,https://www.redbus.in/bus-tickets/kolkata-to-digha
Kolkata to Mandarmani,https://www.redbus.in/bus-tickets/kolkata-to-mandarmani
Mandarmani to Kolkata,https://www.redbus.in/bus-tickets/mandarmani-to-kolkata
Gopalganj (Bihar) to Delhi,https://www.redbus.in/bus-tickets/gopalganj-to-delhi
Patna (Bihar) to Bettiah,https://www.redbus.in/bus-tickets/patna-to-bettiah
Patna (Bihar) to Motihari,https://www.redbus.in/bus-tickets/patna-to-motihari
Motihari to Delhi,https://www.redbus.in/bus-tickets/motihari-to-delhi
Bettiah to Patna (Bihar),https://www.redbus.in/bus-tickets/bettiah-to-patna
Delhi to Motihari,https://www.redbus.in/bus-tickets/delhi-to-motihari
Balmiki Nagar (bihar) to Patna (Bihar),https://www.redbus.in/bus-tickets/balmiki-nagar-bihar-to-patna
Patna (Bihar) to Balmiki Nagar (bihar),https://www.redbus.in/bus-tickets/patna-to-balmiki-nagar-bihar
Patna (Bihar) to Purnea,https://www.redbus.in/bus-tickets/patna-to-purnea
Patna (Bihar) to Katihar,https://www.redbus.in/bus-tickets/patna-to-katihar
Patna (Bihar) to Ranchi,https://www.redbus.in/bus-tickets/patna-to-ranchi
Hazaribagh to Patna (Bihar),https://www.redbus.in/bus-tickets/hazaribagh-to-patna
Ranchi to Patna (Bihar),https://www.redbus.in/bus-tickets/ranchi-to-patna
Patna (Bihar) to Kathmandu,https://www.redbus.in/bus-tickets/patna-to-kathmandu
Muzaffarpur (Bihar) to Ranchi,https://www.redbus.in/bus-tickets/muzaffarpur-to-ranchi
Lucknow to Motihari,https://www.redbus.in/bus-tickets/lucknow-to-motihari
Patna (Bihar) to Hazaribagh,https://www.redbus.in/bus-tickets/patna-to-hazaribagh
Ranchi to Muzaffarpur (Bihar),https://www.redbus.in/bus-tickets/ranchi-to-muzaffarpur
Patna (Bihar) to Raxaul,https://www.redbus.in/bus-tickets/patna-to-raxaul
Purnea to Patna (Bihar),https://www.redbus.in/bus-tickets/purnea-to-patna
Agra to Motihari,https://www.redbus.in/bus-tickets/agra-to-motihari
Hazaribagh to Muzaffarpur (Bihar),https://www.redbus.in/bus-tickets/hazaribagh-to-muzaffarpur
Motihari to Agra,https://www.redbus.in/bus-tickets/motihari-to-agra
Motihari to Lucknow,https://www.redbus.in/bus-tickets/motihari-to-lucknow
Muzaffarpur (Bihar) to Hazaribagh,https://www.redbus.in/bus-tickets/muzaffarpur-to-hazaribagh
Katihar to Patna (Bihar),https://www.redbus.in/bus-tickets/katihar-to-patna
Patna (Bihar) to Araria (Bihar),https://www.redbus.in/bus-tickets/patna-to-araria
Patna (Bihar) to Forbesganj,https://www.redbus.in/bus-tickets/patna-to-forbesganj
Darbhanga to Patna (Bihar),https://www.redbus.in/bus-tickets/darbhanga-to-patna
Patna (Bihar) to Saharsa,https://www.redbus.in/bus-tickets/patna-to-saharsa
Patna (Bihar) to Darbhanga,https://www.redbus.in/bus-tickets/patna-to-darbhanga
Lucknow to Darbhanga,https://www.redbus.in/bus-tickets/lucknow-to-darbhanga
Patna (Bihar) to Muzaffarpur (Bihar),https://www.redbus.in/bus-tickets/patna-to-muzaffarpur
Ranchi to Bihar Sharif,https://www.redbus.in/bus-tickets/ranchi-to-bihar-sharif
Lucknow to Gopalganj (Bihar),https://www.redbus.in/bus-tickets/lucknow-to-gopalganj
Darbhanga to Lucknow,https://www.redbus.in/bus-tickets/darbhanga-to-lucknow
Gopalganj (Bihar) to Lucknow,https://www.redbus.in/bus-tickets/gopalganj-to-lucknow
Muzaffarpur (Bihar) to Bihar Sharif,https://www.redbus.in/bus-tickets/muzaffarpur-to-bihar-sharif
Kathmandu to Patna (Bihar),https://www.redbus.in/bus-tickets/kathmandu-to-patna
Delhi to Shimla,https://www.redbus.in/bus-tickets/delhi-to-shimla
Chandigarh to Hamirpur (Himachal Pradesh),https://www.redbus.in/bus-tickets/chandigarh-to-hamirpur-himachal-pradesh
Hamirpur (Himachal Pradesh) to Chandigarh,https://www.redbus.in/bus-tickets/hamirpur-himachal-pradesh-to-chandigarh
Shimla to Delhi,https://www.redbus.in/bus-tickets/shimla-to-delhi
Delhi to Chandigarh,https://www.redbus.in/bus-tickets/delhi-to-chandigarh
Hamirpur (Himachal Pradesh) to Delhi,https://www.redbus.in/bus-tickets/hamirpur-himachal-pradesh-to-delhi
Chamba (Himachal Pradesh) to Chandigarh,https://www.redbus.in/bus-tickets/chamba-himachal-pradesh-to-chandigarh
Delhi to Hamirpur (Himachal Pradesh),https://www.redbus.in/bus-tickets/delhi-to-hamirpur-himachal-pradesh
Chandigarh to Dharamshala (Himachal Pradesh),https://www.redbus.in/bus-tickets/chandigarh-to-dharamshala
Delhi to Chamba (Himachal Pradesh),https://www.redbus.in/bus-tickets/delhi-to-chamba-himachal-pradesh
Chamba (Himachal Pradesh) to Delhi,https://www.redbus.in/bus-tickets/chamba-himachal-pradesh-to-delhi
Kangra to Chandigarh,https://www.redbus.in/bus-tickets/kangra-to-chandigarh
Shimla to Chandigarh,https://www.redbus.in/bus-tickets/shimla-to-chandigarh
Delhi to Baddi (Himachal Pradesh),https://www.redbus.in/bus-tickets/delhi-to-baddi-himachal-pradesh
Delhi to Solan,https://www.redbus.in/bus-tickets/delhi-to-solan
Delhi to Nalagarh,https://www.redbus.in/bus-tickets/delhi-to-nalagarh
Dharamshala (Himachal Pradesh) to Chandigarh,https://www.redbus.in/bus-tickets/dharamshala-to-chandigarh
Palampur to Chandigarh,https://www.redbus.in/bus-tickets/palampur-to-chandigarh
Ghumarwin to Delhi,https://www.redbus.in/bus-tickets/ghumarwin-to-delhi
Chandigarh to Kangra,https://www.redbus.in/bus-tickets/chandigarh-to-kangra
Baddi (Himachal Pradesh) to Delhi,https://www.redbus.in/bus-tickets/baddi-himachal-pradesh-to-delhi
Manali to Chandigarh,https://www.redbus.in/bus-tickets/manali-to-chandigarh
Solan to Delhi,https://www.redbus.in/bus-tickets/solan-to-delhi
Chandigarh to Manali,https://www.redbus.in/bus-tickets/chandigarh-to-manali
Delhi to Sarkaghat,https://www.redbus.in/bus-tickets/delhi-to-sarkaghat
Ghumarwin to Chandigarh,https://www.redbus.in/bus-tickets/ghumarwin-to-chandigarh
Chandigarh to Kullu,https://www.redbus.in/bus-tickets/chandigarh-to-kullu
Delhi to Bilaspur (Himachal Pradesh),https://www.redbus.in/bus-tickets/delhi-to-bilaspur-himachal-pradesh
Delhi to Ghumarwin,https://www.redbus.in/bus-tickets/delhi-to-ghumarwin
Chamba (Himachal Pradesh) to Shimla,https://www.redbus.in/bus-tickets/chamba-himachal-pradesh-to-shimla
Delhi to Palampur,https://www.redbus.in/bus-tickets/delhi-to-palampur
Chandigarh to Reckong Peo (Himachal Pradesh),https://www.redbus.in/bus-tickets/chandigarh-to-reckong-peo-himachal-pradesh
Bilaspur (Himachal Pradesh) to Delhi,https://www.redbus.in/bus-tickets/bilaspur-himachal-pradesh-to-delhi
Sarkaghat to Delhi,https://www.redbus.in/bus-tickets/sarkaghat-to-delhi
Manali to Delhi,https://www.redbus.in/bus-tickets/manali-to-delhi
Udaipur to Jodhpur,https://www.redbus.in/bus-tickets/udaipur-to-jodhpur
Jodhpur to Ajmer,https://www.redbus.in/bus-tickets/jodhpur-to-ajmer
Beawar (Rajasthan) to Jaipur (Rajasthan),https://www.redbus.in/bus-tickets/beawer-to-jaipur
Sikar to Jaipur (Rajasthan),https://www.redbus.in/bus-tickets/sikar-to-jaipur
Jaipur (Rajasthan) to Jodhpur,https://www.redbus.in/bus-tickets/jaipur-to-jodhpur
Aligarh (uttar pradesh) to Jaipur (Rajasthan),https://www.redbus.in/bus-tickets/aligarh-uttar-pradesh-to-jaipur
Jaipur (Rajasthan) to Aligarh (uttar pradesh),https://www.redbus.in/bus-tickets/jaipur-to-aligarh-uttar-pradesh
Jodhpur to Beawar (Rajasthan),https://www.redbus.in/bus-tickets/jodhpur-to-beawer
Jaipur (Rajasthan) to Pilani,https://www.redbus.in/bus-tickets/jaipur-to-pilani
Kishangarh to Jaipur (Rajasthan),https://www.redbus.in/bus-tickets/kishangarh-to-jaipur
Pali (Rajasthan) to Udaipur,https://www.redbus.in/bus-tickets/pali-to-udaipur
Udaipur to Pali (Rajasthan),https://www.redbus.in/bus-tickets/udaipur-to-pali-rajasthan
Kota(Rajasthan) to Udaipur,https://www.redbus.in/bus-tickets/kota-rajasthan-to-udaipur
Jaipur (Rajasthan) to Bhilwara,https://www.redbus.in/bus-tickets/jaipur-to-bhilwara
Sikar to Bikaner,https://www.redbus.in/bus-tickets/sikar-to-bikaner
Jaipur (Rajasthan) to Bharatpur,https://www.redbus.in/bus-tickets/jaipur-to-bharatpur
Jaipur (Rajasthan) to Mathura,https://www.redbus.in/bus-tickets/jaipur-to-mathura
Jaipur (Rajasthan) to Kota(Rajasthan),https://www.redbus.in/bus-tickets/jaipur-to-kota-rajasthan
Delhi to Patiala,https://www.redbus.in/bus-tickets/delhi-to-patiala
Patiala to Delhi,https://www.redbus.in/bus-tickets/patiala-to-delhi
Delhi to Ludhiana,https://www.redbus.in/bus-tickets/delhi-to-ludhiana
Ludhiana to Delhi,https://www.redbus.in/bus-tickets/ludhiana-to-delhi
Jalandhar to Delhi,https://www.redbus.in/bus-tickets/jalandhar-to-delhi
Delhi to Jalandhar,https://www.redbus.in/bus-tickets/delhi-to-jalandhar
Delhi Airport to Patiala,https://www.redbus.in/bus-tickets/delhi-airport-to-patiala
Ludhiana to Delhi Airport,https://www.redbus.in/bus-tickets/ludhiana-to-delhi-airport
Delhi Airport to Ludhiana,https://www.redbus.in/bus-tickets/delhi-airport-to-ludhiana
Jalandhar to Delhi Airport,https://www.redbus.in/bus-tickets/jalandhar-to-delhi-airport
Phagwara to Delhi Airport,https://www.redbus.in/bus-tickets/phagwara-to-delhi-airport
Delhi to Phagwara,https://www.redbus.in/bus-tickets/delhi-to-phagwara
Delhi Airport to Jalandhar,https://www.redbus.in/bus-tickets/delhi-airport-to-jalandhar
Phagwara to Delhi,https://www.redbus.in/bus-tickets/phagwara-to-delhi
Delhi to Amritsar,https://www.redbus.in/bus-tickets/delhi-to-amritsar
Amritsar to Delhi,https://www.redbus.in/bus-tickets/amritsar-to-delhi
Amritsar to Delhi Airport,https://www.redbus.in/bus-tickets/amritsar-to-delhi-airport
Delhi Airport to Phagwara,https://www.redbus.in/bus-tickets/delhi-airport-to-phagwara
Tezpur to Guwahati,https://www.redbus.in/bus-tickets/tezpur-to-guwahati
Guwahati to Tezpur,https://www.redbus.in/bus-tickets/guwahati-to-tezpur
Guwahati to Nagaon (Assam),https://www.redbus.in/bus-tickets/guwahati-to-nagaon
Nagaon (Assam) to Guwahati,https://www.redbus.in/bus-tickets/nagaon-to-guwahati
Goalpara to Guwahati,https://www.redbus.in/bus-tickets/goalpara-to-guwahati
Jorhat to North Lakhimpur,https://www.redbus.in/bus-tickets/jorhat-to-north-lakhimpur
Dhubri to Guwahati,https://www.redbus.in/bus-tickets/dhubri-to-guwahati
Jorhat to Dibrugarh,https://www.redbus.in/bus-tickets/jorhat-to-dibrugarh
North Lakhimpur to Jorhat,https://www.redbus.in/bus-tickets/north-lakhimpur-to-jorhat
North Lakhimpur to Sibsagar,https://www.redbus.in/bus-tickets/north-lakhimpur-to-sibsagar
Guwahati to Dhubri,https://www.redbus.in/bus-tickets/guwahati-to-dhubri
Dhekiajuli to Guwahati,https://www.redbus.in/bus-tickets/dhekiajuli-to-guwahati
Sibsagar to North Lakhimpur,https://www.redbus.in/bus-tickets/sibsagar-to-north-lakhimpur
Dibrugarh to Jorhat,https://www.redbus.in/bus-tickets/dibrugarh-to-jorhat
Jorhat to Dhemaji,https://www.redbus.in/bus-tickets/jorhat-to-dhemaji
Jorhat to Tinsukia,https://www.redbus.in/bus-tickets/jorhat-to-tinsukia
Tezpur to Dibrugarh,https://www.redbus.in/bus-tickets/tezpur-to-dibrugarh
Dhemaji to Jorhat,https://www.redbus.in/bus-tickets/dhemaji-to-jorhat
North Lakhimpur to Tezpur,https://www.redbus.in/bus-tickets/north-lakhimpur-to-tezpur
Guwahati to Biswanath Charali,https://www.redbus.in/bus-tickets/guwahati-to-biswanath-charali
North Lakhimpur to Dibrugarh,https://www.redbus.in/bus-tickets/north-lakhimpur-to-dibrugarh
Tinsukia to Jorhat,https://www.redbus.in/bus-tickets/tinsukia-to-jorhat
Tezpur to North Lakhimpur,https://www.redbus.in/bus-tickets/tezpur-to-north-lakhimpur
North Lakhimpur to Moran,https://www.redbus.in/bus-tickets/north-lakhimpur-to-moran
Guwahati to Gohpur,https://www.redbus.in/bus-tickets/guwahati-to-gohpur
Guwahati to Kaliabor,https://www.redbus.in/bus-tickets/guwahati-to-kaliabor
Guwahati to Tumuki (Tezpur Medical),https://www.redbus.in/bus-tickets/guwahati-to-tumuki-tezpur-medical
Dibrugarh to Tezpur,https://www.redbus.in/bus-tickets/dibrugarh-to-tezpur
Biswanath Charali to Guwahati,https://www.redbus.in/bus-tickets/biswanath-charali-to-guwahati
Dibrugarh to North Lakhimpur,https://www.redbus.in/bus-tickets/dibrugarh-to-north-lakhimpur
Moran to North Lakhimpur,https://www.redbus.in/bus-tickets/moran-to-north-lakhimpur
Tumuki (Tezpur Medical) to Guwahati,https://www.redbus.in/bus-tickets/tumuki-tezpur-medical-to-guwahati
Biswanath Charali to Dibrugarh,https://www.redbus.in/bus-tickets/biswanath-charali-to-dibrugarh
Gohpur to Guwahati,https://www.redbus.in/bus-tickets/gohpur-to-guwahati
Sibsagar to Dhemaji,https://www.redbus.in/bus-tickets/sibsagar-to-dhemaji
North Lakhimpur to Guwahati,https://www.redbus.in/bus-tickets/north-lakhimpur-to-guwahati
Haflong to Guwahati,https://www.redbus.in/bus-tickets/haflong-to-guwahati
Tezpur to Moran,https://www.redbus.in/bus-tickets/tezpur-to-moran
Moran to Tezpur,https://www.redbus.in/bus-tickets/moran-to-tezpur
Bokakhat to Dibrugarh,https://www.redbus.in/bus-tickets/bokakhat-to-dibrugarh
North Lakhimpur to Nagaon (Assam),https://www.redbus.in/bus-tickets/north-lakhimpur-to-nagaon
Bihpuria to Dibrugarh,https://www.redbus.in/bus-tickets/bihpuria-to-dibrugarh
Haflong to Nagaon (Assam),https://www.redbus.in/bus-tickets/haflong-to-nagaon
Guwahati to Golaghat,https://www.redbus.in/bus-tickets/guwahati-to-golaghat
Jorhat to Gogamukh,https://www.redbus.in/bus-tickets/jorhat-to-gogamukh
Dibrugarh to Biswanath Charali,https://www.redbus.in/bus-tickets/dibrugarh-to-biswanath-charali
Golaghat to North Lakhimpur,https://www.redbus.in/bus-tickets/golaghat-to-north-lakhimpur
